Day,Date,meeting_minutes,device_seconds
0,08/30/2024,1000.0,165565
1,08/29/2024,992.5,120059
2,08/28/2024,977.0,106771
3,08/27/2024,986.5,124459
4,08/26/2024,980.75,122641
5,08/23/2024,973.0,95212
6,08/22/2024,961.5,106718
7,08/21/2024,981.5,88944
8,08/20/2024,977.0,91733
9,08/19/2024,981.5,88944
10,08/16/2024,957.0,100908
11,08/15/2024,967.75,96035
12,08/14/2024,968.5,105900
13,08/13/2024,962.5,132627
14,08/12/2024,986.0,161272
15,08/09/2024,1002.5,88514
16,08/08/2024,1008.25,112232
17,08/07/2024,1018.75,93901
18,08/06/2024,1026.75,114047
19,08/05/2024,1040.75,126708
20,08/02/2024,1027.25,103857
21,08/01/2024,1016.5,123862
22,07/31/2024,1022.5,122131
23,07/30/2024,1021.25,130956
24,07/29/2024,1039.5,174639
25,07/26/2024,1048.5,156375
26,07/25/2024,1079.5,133972
27,07/24/2024,1064.0,120967
28,07/23/2024,1075.5,157553
29,07/22/2024,1068.75,127919
30,07/19/2024,1036.0,81118
31,07/18/2024,1043.0,106162
32,07/17/2024,1041.0,101268
33,07/16/2024,1043.25,120118
34,07/15/2024,1040.0,127729
35,07/12/2024,1065.25,116956
36,07/11/2024,1067.75,113801
37,07/10/2024,1067.0,117761
38,07/09/2024,1080.0,129328
39,07/08/2024,1099.5,135310
40,07/05/2024,1129.75,90609
41,07/03/2024,1121.5,93810
42,07/02/2024,1113.0,122501
43,07/01/2024,1111.0,116496
44,06/28/2024,1104.0,172537
45,06/27/2024,1104.75,110178
46,06/26/2024,1107.0,108659
47,06/25/2024,1111.5,122080
48,06/24/2024,1130.5,119210
49,06/21/2024,1120.0,132632
50,06/20/2024,1116.75,142629
51,06/18/2024,1132.0,113244
52,06/17/2024,1130.25,111736
53,06/14/2024,1149.75,94030
54,06/13/2024,1160.25,108287
55,06/12/2024,1177.25,138320
56,06/11/2024,1178.0,138616
57,06/10/2024,1188.25,121612
58,06/07/2024,1179.25,153267
59,06/06/2024,1200.0,146995
60,06/05/2024,1177.25,133808
61,06/04/2024,1179.0,123954
62,06/03/2024,1184.5,108615
63,05/31/2024,1205.0,94667
64,05/30/2024,1209.75,92255
65,05/29/2024,1214.0,112325
66,05/28/2024,1229.5,124755
67,05/24/2024,1248.0,100198
68,05/23/2024,1239.25,125784
69,05/22/2024,1246.25,112722
70,05/21/2024,1236.25,117665
71,05/20/2024,1248.0,164502
72,05/17/2024,1228.0,123270
73,05/16/2024,1216.25,89790
74,05/15/2024,1213.5,112182
75,05/14/2024,1214.5,104800
76,05/13/2024,1219.5,119832
77,05/10/2024,1219.0,133144
78,05/09/2024,1208.5,132640
79,05/08/2024,1227.75,133532
80,05/07/2024,1246.5,172670
81,05/06/2024,1248.75,209246
82,05/03/2024,1215.0,155622
83,05/02/2024,1199.0,174824
84,05/01/2024,1170.25,84959
85,04/30/2024,1163.0,136745
86,04/29/2024,1182.0,165485
87,04/26/2024,1177.25,125205
88,04/25/2024,1179.75,165991
89,04/24/2024,1181.5,148411
90,04/23/2024,1182.0,137833
91,04/22/2024,1176.5,143391
92,04/19/2024,1165.75,125516
93,04/18/2024,1149.0,105284
94,04/17/2024,1164.25,85223
95,04/16/2024,1160.0,117253
96,04/15/2024,1172.0,85760
97,04/12/2024,1186.75,106671
98,04/11/2024,1172.5,110934
99,04/10/2024,1164.75,137004
100,04/09/2024,1174.5,135124
101,04/08/2024,1181.5,140973
102,04/05/2024,1185.0,143725
103,04/04/2024,1180.0,105890
104,04/03/2024,1182.25,145338
105,04/02/2024,1174.0,151646
106,04/01/2024,1185.75,96200
107,03/28/2024,1191.5,144554
108,03/27/2024,1192.5,89373
109,03/26/2024,1199.0,103799
110,03/25/2024,1209.25,98175
111,03/22/2024,1192.5,107622
112,03/21/2024,1212.0,136953
113,03/20/2024,1209.5,148137
114,03/19/2024,1185.5,95443
115,03/18/2024,1187.75,88859
116,03/15/2024,1198.25,107108
117,03/14/2024,1195.25,150635
118,03/13/2024,1196.75,117692
119,03/12/2024,1196.0,129933
120,03/11/2024,1179.25,121216
121,03/08/2024,1184.0,176905
122,03/07/2024,1166.25,130594
123,03/06/2024,1148.25,93946
124,03/05/2024,1149.0,104628
125,03/04/2024,1155.0,100307
126,03/01/2024,1151.25,93713
127,02/29/2024,1140.75,134220
128,02/28/2024,1145.25,121209
129,02/27/2024,1140.75,165576
130,02/26/2024,1145.25,154477
131,02/23/2024,1141.75,161468
132,02/22/2024,1152.5,138788
133,02/21/2024,1165.0,108134
134,02/20/2024,1183.5,99869
135,02/16/2024,1176.25,83472
136,02/15/2024,1166.0,97958
137,02/14/2024,1176.25,94824
138,02/13/2024,1186.25,107024
139,02/12/2024,1193.0,100866
140,02/09/2024,1183.5,104619
141,02/08/2024,1193.5,149960
142,02/07/2024,1189.0,121829
143,02/06/2024,1199.5,87411
144,02/05/2024,1196.25,121612
145,02/02/2024,1188.5,87181
146,02/01/2024,1203.25,103302
147,01/31/2024,1222.25,121847
148,01/30/2024,1218.75,118055
149,01/29/2024,1194.25,146152
150,01/26/2024,1209.25,100240
151,01/25/2024,1223.0,124966
152,01/24/2024,1240.25,118152
153,01/23/2024,1239.5,96251
154,01/22/2024,1224.25,85914
155,01/19/2024,1213.25,86593
156,01/18/2024,1213.5,98223
157,01/17/2024,1205.75,125318
158,01/16/2024,1227.25,126277
159,01/12/2024,1224.25,217784
160,01/11/2024,1236.75,102616
161,01/10/2024,1236.5,102088
162,01/09/2024,1248.5,102589
163,01/08/2024,1245.5,110954
164,01/05/2024,1256.25,81950
165,01/04/2024,1267.5,84277
166,01/03/2024,1277.0,93929
167,01/02/2024,1273.5,111235
168,12/29/2023,1298.0,76821
169,12/28/2023,1312.0,85306
170,12/27/2023,1320.5,77724
171,12/26/2023,1319.0,71176
172,12/22/2023,1306.25,77512
173,12/21/2023,1301.75,93732
174,12/20/2023,1315.75,117206
175,12/19/2023,1322.5,125356
176,12/18/2023,1340.0,90060
177,12/15/2023,1331.5,83507
178,12/14/2023,1332.0,60128
179,12/13/2023,1326.25,86072
180,12/12/2023,1342.75,109454
181,12/11/2023,1336.0,141271
182,12/08/2023,1304.0,130020
183,12/07/2023,1311.75,128916
184,12/06/2023,1295.5,104493
185,12/05/2023,1305.5,113848
186,12/04/2023,1306.25,133547
187,12/01/2023,1325.0,122191
188,11/30/2023,1342.75,96860
189,11/29/2023,1347.0,99623
190,11/28/2023,1346.5,107158
191,11/27/2023,1329.75,98123
192,11/24/2023,1330.75,70535
193,11/22/2023,1356.5,107322
194,11/21/2023,1377.25,118712
195,11/20/2023,1367.25,117611
196,11/17/2023,1340.25,116880
197,11/16/2023,1360.25,128084
198,11/15/2023,1385.0,104794
199,11/14/2023,1389.75,112199
200,11/13/2023,1382.5,123428
201,11/10/2023,1347.5,77163
202,11/09/2023,1343.5,159637
203,11/08/2023,1365.75,147271
204,11/07/2023,1362.0,174001
205,11/06/2023,1364.0,135577
206,11/03/2023,1351.75,132146
207,11/02/2023,1328.25,87987
208,11/01/2023,1315.0,75442
209,10/31/2023,1310.5,101141
210,10/30/2023,1307.25,157181
211,10/27/2023,1319.5,155279
212,10/26/2023,1300.25,120092
213,10/25/2023,1308.5,107972
214,10/24/2023,1314.5,94298
215,10/23/2023,1305.5,73614
216,10/20/2023,1302.25,121102
217,10/19/2023,1315.5,167078
218,10/18/2023,1311.0,140864
219,10/17/2023,1296.75,115264
220,10/16/2023,1286.25,91633
221,10/13/2023,1280.25,126936
222,10/12/2023,1290.0,213088
223,10/11/2023,1252.5,165801
224,10/10/2023,1271.5,140279
225,10/09/2023,1264.25,132755
226,10/06/2023,1266.0,138835
227,10/05/2023,1280.75,130131
228,10/04/2023,1273.0,111314
229,10/03/2023,1272.75,172416
230,10/02/2023,1277.0,132359
231,09/29/2023,1275.0,157263
232,09/28/2023,1300.5,131169
233,09/27/2023,1303.25,129472
234,09/26/2023,1302.75,119719
235,09/25/2023,1297.75,91100
236,09/22/2023,1296.25,109957
237,09/21/2023,1293.75,127779
238,09/20/2023,1320.0,104112
239,09/19/2023,1315.5,127998
240,09/18/2023,1316.75,128093
241,09/15/2023,1340.25,108195
242,09/14/2023,1360.5,126592
243,09/13/2023,1349.75,116021
244,09/12/2023,1346.5,178564
245,09/11/2023,1369.0,89439
246,09/08/2023,1363.0,91180
247,09/07/2023,1359.5,90566
248,09/06/2023,1376.25,100951
249,09/05/2023,1365.0,93195
250,09/01/2023,1369.25,99978
251,08/31/2023,1368.75,90842
252,08/30/2023,1386.75,103799
253,08/29/2023,1392.5,99578
254,08/28/2023,1405.75,112176
255,08/25/2023,1387.75,108346
256,08/24/2023,1371.75,97901
257,08/23/2023,1360.5,108221
258,08/22/2023,1346.0,100524
259,08/21/2023,1361.75,116099
260,08/18/2023,1353.25,109662
261,08/17/2023,1330.0,102124
262,08/16/2023,1323.5,110164
263,08/15/2023,1305.25,110372
264,08/14/2023,1326.0,79833
265,08/11/2023,1307.5,118700
266,08/10/2023,1318.25,76414
267,08/09/2023,1308.5,78948
268,08/08/2023,1306.0,92643
269,08/07/2023,1302.0,115138
270,08/04/2023,1333.25,79661
271,08/03/2023,1325.25,83542
272,08/02/2023,1321.25,117329
273,08/01/2023,1341.25,117299
274,07/31/2023,1331.75,156415
275,07/28/2023,1382.5,104263
276,07/27/2023,1398.0,116945
277,07/26/2023,1420.75,143410
278,07/25/2023,1420.0,114527
279,07/24/2023,1424.5,128903
280,07/21/2023,1401.75,102413
281,07/20/2023,1404.75,101167
282,07/19/2023,1408.75,143443
283,07/18/2023,1395.25,139832
284,07/17/2023,1378.0,101865
285,07/14/2023,1370.75,111329
286,07/13/2023,1369.75,108722
287,07/12/2023,1327.75,159408
288,07/11/2023,1360.25,97324
289,07/10/2023,1345.5,93948
290,07/07/2023,1317.75,87712
291,07/06/2023,1339.5,99808
292,07/05/2023,1355.0,132170
293,07/03/2023,1353.75,171808
294,06/30/2023,1343.25,216739
295,06/29/2023,1265.75,96258
296,06/28/2023,1265.0,137004
297,06/27/2023,1294.25,126560
298,06/26/2023,1323.0,124210
299,06/23/2023,1310.0,155432
300,06/22/2023,1339.5,169459
301,06/21/2023,1377.0,156341
302,06/20/2023,1342.75,157168
303,06/16/2023,1342.25,185442
304,06/15/2023,1292.25,130482
305,06/14/2023,1240.0,94561
306,06/13/2023,1239.5,115313
307,06/12/2023,1209.0,92234
308,06/09/2023,1386.5,121921
309,06/08/2023,1363.25,135990
310,06/07/2023,1360.75,122335
311,06/06/2023,1353.25,113804
312,06/05/2023,1350.0,83522
313,06/02/2023,1352.5,108797
314,06/01/2023,1329.5,122913
315,05/31/2023,1299.75,121465
316,05/30/2023,1296.5,111984
317,05/26/2023,1337.25,97904
318,05/25/2023,1324.0,117411
319,05/24/2023,1324.5,88198
320,05/23/2023,1322.5,100887
321,05/22/2023,1341.25,132092
322,05/19/2023,1307.25,119789
323,05/18/2023,1333.25,111944
324,05/17/2023,1337.0,134981
325,05/16/2023,1364.0,137609
326,05/15/2023,1400.75,96300
327,05/12/2023,1390.0,116972
328,05/11/2023,1405.5,109975
329,05/10/2023,1404.0,82984
330,05/09/2023,1414.25,88373
331,05/08/2023,1433.75,77269
332,05/05/2023,1436.5,92590
333,05/04/2023,1417.75,88051
334,05/03/2023,1417.5,118028
335,05/02/2023,1410.75,99469
336,05/01/2023,1427.5,68948
337,04/28/2023,1419.25,128888
338,04/27/2023,1403.75,121124
339,04/26/2023,1414.75,143423
340,04/25/2023,1417.5,171296
341,04/24/2023,1436.0,145012
342,04/21/2023,1449.0,154249
343,04/20/2023,1468.5,121797
344,04/19/2023,1478.75,111019
345,04/18/2023,1491.0,112658
346,04/17/2023,1485.5,94193
347,04/14/2023,1467.25,91729
348,04/13/2023,1473.25,97351
349,04/12/2023,1504.25,115431
350,04/11/2023,1497.25,138397
351,04/10/2023,1487.25,91167
352,04/06/2023,1492.5,102594
353,04/05/2023,1511.0,111923
354,04/04/2023,1517.5,96634
355,04/03/2023,1522.0,112243
356,03/31/2023,1505.5,137871
357,03/30/2023,1474.5,89455
358,03/29/2023,1477.25,90108
359,03/28/2023,1467.75,105118
360,03/27/2023,1442.25,88399
361,03/24/2023,1428.25,129990
362,03/23/2023,1419.5,145210
363,03/22/2023,1448.5,126762
364,03/21/2023,1467.0,89287
365,03/20/2023,1486.0,110623
366,03/17/2023,1476.5,106522
367,03/16/2023,1491.5,93783
368,03/15/2023,1489.25,100835
369,03/14/2023,1493.75,91285
370,03/13/2023,1491.25,113928
371,03/10/2023,1507.0,99715
372,03/09/2023,1510.75,110542
373,03/08/2023,1517.75,94925
374,03/07/2023,1515.5,83201
375,03/06/2023,1529.0,108402
376,03/03/2023,1518.75,86623
377,03/02/2023,1509.25,99558
378,03/01/2023,1494.25,125094
379,02/28/2023,1479.0,148773
380,02/27/2023,1512.75,122444
381,02/24/2023,1519.25,138301
382,02/23/2023,1527.25,104219
383,02/22/2023,1534.75,92560
384,02/21/2023,1544.0,114424
385,02/17/2023,1522.25,76899
386,02/16/2023,1521.25,90891
387,02/15/2023,1519.5,91930
388,02/14/2023,1530.0,85068
389,02/13/2023,1542.75,137178
390,02/10/2023,1542.5,153631
391,02/09/2023,1519.25,164303
392,02/08/2023,1519.75,159006
393,02/07/2023,1515.25,141465
394,02/06/2023,1521.25,115895
395,02/03/2023,1532.0,90132
396,02/02/2023,1534.25,88749
397,02/01/2023,1520.25,117603
398,01/31/2023,1538.0,113482
399,01/30/2023,1535.25,107600
400,01/27/2023,1509.5,90031
401,01/26/2023,1523.5,112318
402,01/25/2023,1502.5,105597
403,01/24/2023,1488.5,116612
404,01/23/2023,1490.25,127143
405,01/20/2023,1506.5,89202
406,01/19/2023,1514.75,114794
407,01/18/2023,1524.5,124477
408,01/17/2023,1539.75,106544
409,01/13/2023,1527.75,92657
410,01/12/2023,1518.5,129273
411,01/11/2023,1493.0,63975
412,01/10/2023,1485.0,87966
413,01/09/2023,1488.5,75387
414,01/06/2023,1492.5,91428
415,01/05/2023,1470.75,91573
416,01/04/2023,1483.5,85268
417,01/03/2023,1492.25,110681
418,12/30/2022,1524.0,75786
419,12/29/2022,1516.25,87607
420,12/28/2022,1514.25,96396
421,12/27/2022,1489.0,124559
422,12/23/2022,1484.5,72460
423,12/22/2022,1472.0,74600
424,12/21/2022,1484.5,69973
425,12/20/2022,1479.75,76449
426,12/19/2022,1463.5,73219
427,12/16/2022,1483.75,52027
428,12/15/2022,1476.75,62688
429,12/14/2022,1485.0,76309
430,12/13/2022,1484.5,81837
431,12/12/2022,1460.5,107082
432,12/09/2022,1483.75,85980
433,12/08/2022,1486.25,124108
434,12/07/2022,1472.0,131075
435,12/06/2022,1455.0,118171
436,12/05/2022,1437.75,73699
437,12/02/2022,1438.5,82165
438,12/01/2022,1429.75,123413
439,11/30/2022,1469.5,83121
440,11/29/2022,1459.5,81171
441,11/28/2022,1457.25,92270
442,11/25/2022,1436.25,36901
443,11/23/2022,1436.0,58733
444,11/22/2022,1429.75,62137
445,11/21/2022,1436.75,60365
446,11/18/2022,1428.25,59277
447,11/17/2022,1417.0,80890
448,11/16/2022,1429.25,83122
449,11/15/2022,1457.25,89046
450,11/14/2022,1440.5,71741
451,11/11/2022,1450.0,103802
452,11/10/2022,1423.0,117657
453,11/09/2022,1452.0,92193
454,11/08/2022,1446.5,70403
455,11/07/2022,1450.25,70010
456,11/04/2022,1462.25,82513
457,11/03/2022,1437.0,80274
458,11/02/2022,1454.0,92921
459,11/01/2022,1447.75,122009
460,10/31/2022,1419.5,101532
461,10/28/2022,1400.25,137928
462,10/27/2022,1393.5,115649
463,10/26/2022,1393.0,116929
464,10/25/2022,1392.25,91171
465,10/24/2022,1381.25,93674
466,10/21/2022,1404.5,65646
467,10/20/2022,1391.5,106792
468,10/19/2022,1372.5,90981
469,10/18/2022,1372.0,121553
470,10/17/2022,1385.25,97668
471,10/14/2022,1383.75,109356
472,10/13/2022,1395.75,129216
473,10/12/2022,1396.0,187786
474,10/11/2022,1376.25,105788
475,10/10/2022,1374.0,159465
476,10/07/2022,1367.0,121041
477,10/06/2022,1358.0,96721
478,10/05/2022,1369.75,91697
479,10/04/2022,1383.5,100970
480,10/03/2022,1374.0,108114
481,09/30/2022,1364.75,169311
482,09/29/2022,1410.75,141653
483,09/28/2022,1408.75,132048
484,09/27/2022,1408.0,128928
485,09/26/2022,1411.25,112504
486,09/23/2022,1425.75,106541
487,09/22/2022,1457.0,101713
488,09/21/2022,1461.25,85775
489,09/20/2022,1478.75,95117
490,09/19/2022,1461.25,77068
491,09/16/2022,1448.5,78542
492,09/15/2022,1451.5,94862
493,09/14/2022,1455.0,105624
494,09/13/2022,1478.75,130410
495,09/12/2022,1488.25,152450
496,09/09/2022,1412.25,69070
497,09/08/2022,1386.0,78000
498,09/07/2022,1383.5,115318
499,09/06/2022,1398.75,87791
500,09/02/2022,1420.5,62488
501,09/01/2022,1394.75,84872
502,08/31/2022,1422.5,73231
503,08/30/2022,1432.5,77197
504,08/29/2022,1437.75,90679
505,08/26/2022,1461.25,91098
506,08/25/2022,1431.25,105574
507,08/24/2022,1457.0,117345
508,08/23/2022,1461.0,129042
509,08/22/2022,1435.25,99705
510,08/19/2022,1404.0,61817
511,08/18/2022,1405.25,78880
512,08/17/2022,1390.0,65687
513,08/16/2022,1381.0,89157
514,08/15/2022,1412.25,109132
515,08/12/2022,1454.25,115513
516,08/11/2022,1448.5,79107
517,08/10/2022,1427.75,95836
518,08/09/2022,1428.75,87042
519,08/08/2022,1400.0,68905
520,08/05/2022,1408.75,95921
521,08/04/2022,1417.75,102349
522,08/03/2022,1369.75,91722
523,08/02/2022,1386.5,103448
524,08/01/2022,1406.0,120483
525,07/29/2022,1468.5,117007
526,07/28/2022,1440.5,94901
527,07/27/2022,1410.0,106093
528,07/26/2022,1383.75,96433
529,07/25/2022,1346.0,83955
530,07/22/2022,1315.75,89871
531,07/21/2022,1301.5,87342
532,07/20/2022,1332.25,80049
533,07/19/2022,1358.25,88986
534,07/18/2022,1380.25,78029
535,07/15/2022,1342.25,64994
536,07/14/2022,1341.0,89126
537,07/13/2022,1349.5,87009
538,07/12/2022,1343.0,101614
539,07/11/2022,1405.0,86798
540,07/08/2022,1396.5,78066
541,07/07/2022,1365.5,91881
542,07/06/2022,1322.75,110181
543,07/05/2022,1316.0,126240
544,07/01/2022,1395.25,121683
545,06/30/2022,1458.0,122527
546,06/29/2022,1478.25,68107
547,06/28/2022,1462.5,83535
548,06/27/2022,1432.75,79437
549,06/24/2022,1424.25,92191
550,06/23/2022,1415.5,127634
551,06/22/2022,1476.5,89224
552,06/21/2022,1510.5,74757
553,06/17/2022,1537.5,59451
554,06/16/2022,1543.25,46339
555,06/15/2022,1523.5,58427
556,06/14/2022,1525.25,59741
557,06/13/2022,1533.75,81473
558,06/10/2022,1568.25,73128
559,06/09/2022,1582.25,101350
560,06/08/2022,1568.0,83578
561,06/07/2022,1549.75,76949
562,06/06/2022,1699.25,69366
563,06/03/2022,1697.75,80566
564,06/02/2022,1729.25,99858
565,06/01/2022,1690.25,91146
566,05/31/2022,1683.25,130571
567,05/27/2022,1732.25,84453
568,05/26/2022,1726.5,131960
569,05/25/2022,1681.0,75331
570,05/24/2022,1693.0,66764
571,05/23/2022,1687.0,80717
572,05/20/2022,1705.25,83449
573,05/19/2022,1690.5,91429
574,05/18/2022,1662.75,81536
575,05/17/2022,1678.0,70555
576,05/16/2022,1656.5,58680
577,05/13/2022,1646.5,75469
578,05/12/2022,1613.75,83773
579,05/11/2022,1606.75,64553
580,05/10/2022,1592.25,62305
581,05/09/2022,1585.25,85288
582,05/06/2022,1622.0,68223
583,05/05/2022,1647.0,75601
584,05/04/2022,1640.5,65880
585,05/03/2022,1630.5,70754
586,05/02/2022,1645.25,86782
587,04/29/2022,1685.0,63973
588,04/28/2022,1684.75,70975
589,04/27/2022,1692.75,110107
590,04/26/2022,1671.75,102701
591,04/25/2022,1675.25,101148
592,04/22/2022,1688.0,105659
593,04/21/2022,1719.5,94504
594,04/20/2022,1717.0,86791
595,04/19/2022,1691.75,75619
596,04/18/2022,1693.25,69387
597,04/14/2022,1665.25,72854
598,04/13/2022,1665.0,88123
599,04/12/2022,1670.25,78430
600,04/11/2022,1655.25,91900
601,04/08/2022,1689.0,89537
602,04/07/2022,1645.5,92161
603,04/06/2022,1619.5,61686
604,04/05/2022,1631.0,57127
605,04/04/2022,1602.25,63835
606,04/01/2022,1582.75,90031
607,03/31/2022,1618.25,84829
608,03/30/2022,1664.0,58228
609,03/29/2022,1643.0,95367
610,03/28/2022,1664.25,67994
611,03/25/2022,1710.25,55859
612,03/24/2022,1700.75,65589
613,03/23/2022,1718.75,68241
614,03/22/2022,1696.5,66603
615,03/21/2022,1691.0,70070
616,03/18/2022,1668.0,57695
617,03/17/2022,1668.5,56533
618,03/16/2022,1649.25,57399
619,03/15/2022,1658.75,59885
620,03/14/2022,1670.5,66922
621,03/11/2022,1676.0,75327
622,03/10/2022,1686.25,98508
623,03/09/2022,1671.75,109256
624,03/08/2022,1689.75,104142
625,03/07/2022,1659.5,74740
626,03/04/2022,1660.5,85923
627,03/03/2022,1667.75,94001
628,03/02/2022,1663.0,103770
629,03/01/2022,1690.0,102220
630,02/28/2022,1636.75,108501
631,02/25/2022,1584.5,165004
632,02/24/2022,1654.0,223063
633,02/23/2022,1671.0,160050
634,02/22/2022,1635.0,149313
635,02/18/2022,1603.5,90996
636,02/17/2022,1596.0,84486
637,02/16/2022,1591.25,75869
638,02/15/2022,1555.75,94973
639,02/14/2022,1574.0,82004
640,02/11/2022,1586.25,100482
641,02/10/2022,1574.25,233387
642,02/09/2022,1594.75,166249
643,02/08/2022,1569.0,155533
644,02/07/2022,1581.75,164609
645,02/04/2022,1553.5,103323
646,02/03/2022,1544.25,121283
647,02/02/2022,1545.25,163803
648,02/01/2022,1528.5,151466
649,01/31/2022,1490.5,102394
650,01/28/2022,1470.0,138246
651,01/27/2022,1448.25,130143
652,01/26/2022,1440.0,128703
653,01/25/2022,1407.25,98181
654,01/24/2022,1403.0,123810
655,01/21/2022,1414.25,95691
656,01/20/2022,1425.75,140145
657,01/19/2022,1391.25,89997
658,01/18/2022,1361.25,109316
659,01/14/2022,1369.75,77151
660,01/13/2022,1377.25,99751
661,01/12/2022,1399.25,107715
662,01/11/2022,1386.5,85659
663,01/10/2022,1384.75,112113
664,01/07/2022,1410.25,120430
665,01/06/2022,1387.25,93247
666,01/05/2022,1394.75,88024
667,01/04/2022,1389.75,113392
668,01/03/2022,1355.5,85814
669,12/31/2021,1339.25,55569
670,12/30/2021,1338.5,100236
671,12/29/2021,1368.75,108159
672,12/28/2021,1368.0,100765
673,12/27/2021,1371.5,100200
674,12/23/2021,1340.75,86521
675,12/22/2021,1335.0,88448
676,12/21/2021,1312.75,94964
677,12/20/2021,1294.75,68772
678,12/17/2021,1288.5,98174
679,12/16/2021,1278.25,90002
680,12/15/2021,1265.25,72214
681,12/14/2021,1264.5,73155
682,12/13/2021,1250.75,69146
683,12/10/2021,1274.25,76527
684,12/09/2021,1272.25,71691
685,12/08/2021,1261.0,103006
686,12/07/2021,1250.25,149787
687,12/06/2021,1261.5,64763
688,12/03/2021,1267.25,82745
689,12/02/2021,1244.25,83932
690,12/01/2021,1228.25,95207
691,11/30/2021,1217.25,114770
692,11/29/2021,1241.5,72415
693,11/26/2021,1252.75,80994
694,11/24/2021,1266.5,63373
695,11/23/2021,1273.0,58212
696,11/22/2021,1274.25,62701
697,11/19/2021,1263.25,73923
698,11/18/2021,1265.25,96765
699,11/17/2021,1277.0,138466
700,11/16/2021,1251.25,70997
701,11/15/2021,1257.25,86804
702,11/12/2021,1244.25,99083
703,11/11/2021,1221.5,69534
704,11/10/2021,1216.75,81424
705,11/09/2021,1212.0,138833
706,11/08/2021,1188.5,99872
707,11/05/2021,1205.5,85142
708,11/04/2021,1222.75,102702
709,11/03/2021,1244.25,73707
710,11/02/2021,1256.25,82186
711,11/01/2021,1248.5,81226
712,10/29/2021,1249.5,79379
713,10/28/2021,1246.0,127383
714,10/27/2021,1249.75,161496
715,10/26/2021,1247.5,83549
716,10/25/2021,1247.0,95475
717,10/22/2021,1230.75,75418
718,10/21/2021,1224.0,88495
719,10/20/2021,1245.5,115529
720,10/19/2021,1228.0,121950
721,10/18/2021,1221.5,84047
722,10/15/2021,1217.75,101424
723,10/14/2021,1206.25,112312
724,10/13/2021,1195.25,166838
725,10/12/2021,1198.25,161718
726,10/11/2021,1228.25,92209
727,10/08/2021,1243.0,123107
728,10/07/2021,1247.25,104838
729,10/06/2021,1242.0,75264
730,10/05/2021,1250.5,100326
731,10/04/2021,1235.75,99290
732,10/01/2021,1246.5,104869
733,09/30/2021,1256.0,185669
734,09/29/2021,1283.75,68190
735,09/28/2021,1277.0,73808
736,09/27/2021,1287.5,79774
737,09/24/2021,1285.0,59522
738,09/23/2021,1284.25,64341
739,09/22/2021,1282.75,67633
740,09/21/2021,1274.0,72507
741,09/20/2021,1262.5,84166
742,09/17/2021,1284.0,66131
743,09/16/2021,1296.0,70644
744,09/15/2021,1294.5,82489
745,09/14/2021,1282.5,65074
746,09/13/2021,1284.75,59366
747,09/10/2021,1286.5,131495
748,09/09/2021,1270.5,73407
749,09/08/2021,1279.5,80429
750,09/07/2021,1277.0,66609
751,09/03/2021,1292.0,63754
752,09/02/2021,1283.25,81543
753,09/01/2021,1277.75,99894
754,08/31/2021,1292.5,98903
755,08/30/2021,1303.25,98919
756,08/27/2021,1323.25,71601
757,08/26/2021,1326.25,73358
758,08/25/2021,1332.75,84276
759,08/24/2021,1331.75,113212
760,08/23/2021,1292.75,87911
761,08/20/2021,1290.75,115130
762,08/19/2021,1320.0,106669
763,08/18/2021,1353.25,63663
764,08/17/2021,1361.5,82823
765,08/16/2021,1368.25,72717
766,08/13/2021,1365.0,103704
767,08/12/2021,1341.0,156142
768,08/11/2021,1340.0,81028
769,08/10/2021,1336.75,58152
770,08/09/2021,1329.75,71643
771,08/06/2021,1336.75,62707
772,08/05/2021,1328.5,71942
773,08/04/2021,1325.75,85460
774,08/03/2021,1319.75,110594
775,08/02/2021,1353.5,71442
776,07/30/2021,1349.25,72277
777,07/29/2021,1377.75,63366
778,07/28/2021,1361.0,69214
779,07/27/2021,1359.5,85627
780,07/26/2021,1357.75,85843
781,07/23/2021,1351.75,75558
782,07/22/2021,1362.25,118073
783,07/21/2021,1389.75,77224
784,07/20/2021,1388.5,98185
785,07/19/2021,1372.75,95226
786,07/16/2021,1391.75,84721
787,07/15/2021,1380.0,71039
788,07/14/2021,1383.25,90315
789,07/13/2021,1351.75,73901
790,07/12/2021,1350.25,85537
791,07/09/2021,1329.25,76998
792,07/08/2021,1319.5,76020
793,07/07/2021,1327.25,104841
794,07/06/2021,1305.0,124468
795,07/02/2021,1399.0,80061
796,07/01/2021,1395.5,119435
797,06/30/2021,1399.0,148491
798,06/29/2021,1310.25,79395
799,06/28/2021,1312.5,94655
800,06/25/2021,1269.75,108519
801,06/24/2021,1291.75,103723
802,06/23/2021,1300.25,78840
803,06/22/2021,1302.25,91864
804,06/21/2021,1319.25,90536
805,06/18/2021,1313.0,132232
806,06/17/2021,1252.75,143218
807,06/16/2021,1343.25,70113
808,06/15/2021,1373.5,78744
809,06/14/2021,1395.25,80505
810,06/11/2021,1438.75,103246
811,06/10/2021,1459.5,100445
812,06/09/2021,1448.25,88798
813,06/08/2021,1457.0,97090
814,06/07/2021,1440.0,95267
815,06/04/2021,1435.5,54973
816,06/03/2021,1403.5,58837
817,06/02/2021,1562.5,80525
818,06/01/2021,1548.5,88690
819,05/28/2021,1530.5,67133
820,05/27/2021,1537.0,78172
821,05/26/2021,1503.5,92778
822,05/25/2021,1511.75,89611
823,05/24/2021,1522.75,72125
824,05/21/2021,1526.25,77727
825,05/20/2021,1533.25,68504
826,05/19/2021,1538.25,111375
827,05/18/2021,1574.25,90095
828,05/17/2021,1587.5,76971
829,05/14/2021,1586.25,93559
830,05/13/2021,1584.0,145498
831,05/12/2021,1642.5,138244
832,05/11/2021,1614.75,110666
833,05/10/2021,1587.5,87206
834,05/07/2021,1589.75,100830
835,05/06/2021,1569.5,107006
836,05/05/2021,1542.25,82566
837,05/04/2021,1538.25,87675
838,05/03/2021,1524.0,101971
839,04/30/2021,1534.25,103364
840,04/29/2021,1502.25,117976
841,04/28/2021,1513.75,184054
842,04/27/2021,1519.5,190420
843,04/26/2021,1539.25,157587
844,04/23/2021,1516.0,133863
845,04/22/2021,1514.25,155417
846,04/21/2021,1479.5,122497
847,04/20/2021,1457.75,118124
848,04/19/2021,1436.5,88790
849,04/16/2021,1422.5,94924
850,04/15/2021,1411.0,75552
851,04/14/2021,1402.25,84994
852,04/13/2021,1389.5,101377
853,04/12/2021,1382.0,116588
854,04/09/2021,1403.0,98871
855,04/08/2021,1415.25,82243
856,04/07/2021,1408.75,75218
857,04/06/2021,1418.75,63753
858,04/05/2021,1412.75,56177
859,04/01/2021,1402.0,156618
860,03/31/2021,1436.75,119342
861,03/30/2021,1366.75,85143
862,03/29/2021,1393.0,90046
863,03/26/2021,1400.5,93202
864,03/25/2021,1414.25,95512
865,03/24/2021,1432.75,71361
866,03/23/2021,1423.25,95701
867,03/22/2021,1417.5,70540
868,03/19/2021,1416.25,81572
869,03/18/2021,1392.25,24623
870,03/17/2021,1417.75,64444
871,03/16/2021,1423.25,63561
872,03/15/2021,1419.5,76340
873,03/12/2021,1413.25,96945
874,03/11/2021,1413.5,88947
875,03/10/2021,1409.75,118704
876,03/09/2021,1440.0,107667
877,03/08/2021,1433.75,97715
878,03/05/2021,1430.0,89777
879,03/04/2021,1410.5,132875
880,03/03/2021,1407.5,74567
881,03/02/2021,1412.5,101928
882,03/01/2021,1391.25,101419
883,02/26/2021,1404.25,110066
884,02/25/2021,1407.5,175156
885,02/24/2021,1425.75,134042
886,02/23/2021,1408.5,163459
887,02/22/2021,1387.5,124477
888,02/19/2021,1380.0,109077
889,02/18/2021,1376.5,81552
890,02/17/2021,1384.75,66031
891,02/16/2021,1385.75,89357
892,02/12/2021,1371.25,55235
893,02/11/2021,1367.5,119759
894,02/10/2021,1354.0,154231
895,02/09/2021,1401.75,168617
896,02/08/2021,1387.75,121873
897,02/05/2021,1366.75,115198
898,02/04/2021,1372.5,99622
899,02/03/2021,1371.25,99021
900,02/02/2021,1354.75,93843
901,02/01/2021,1365.25,111846
902,01/29/2021,1370.0,136046
903,01/28/2021,1353.25,141463
904,01/27/2021,1374.75,153881
905,01/26/2021,1370.25,105096
906,01/25/2021,1343.5,142486
907,01/22/2021,1311.75,193798
908,01/21/2021,1370.25,108662
909,01/20/2021,1369.5,171018
910,01/19/2021,1385.75,121099
911,01/15/2021,1416.75,95665
912,01/14/2021,1430.5,99376
913,01/13/2021,1406.25,128602
914,01/12/2021,1418.25,158106
915,01/11/2021,1372.5,134136
916,01/08/2021,1374.75,132108
917,01/07/2021,1355.25,141661
918,01/06/2021,1361.5,153437
919,01/05/2021,1347.0,189268
920,01/04/2021,1313.0,188017
921,12/31/2020,1311.0,108536
922,12/30/2020,1300.5,145004
923,12/29/2020,1296.0,149479
924,12/28/2020,1257.25,144063
925,12/24/2020,1264.5,68182
926,12/23/2020,1260.0,117901
927,12/22/2020,1250.0,122940
928,12/21/2020,1247.5,147317
929,12/18/2020,1224.0,99328
930,12/17/2020,1205.5,97240
931,12/16/2020,1188.0,93177
932,12/15/2020,1188.75,67618
933,12/14/2020,1174.5,56721
934,12/11/2020,1166.0,71979
935,12/10/2020,1158.75,111026
936,12/09/2020,1163.5,77905
937,12/08/2020,1145.75,151726
938,12/07/2020,1158.5,147843
939,12/04/2020,1163.0,86886
940,12/03/2020,1168.25,86279
941,12/02/2020,1153.0,121487
942,12/01/2020,1162.0,98166
943,11/30/2020,1168.5,115926
944,11/27/2020,1191.75,45115
945,11/25/2020,1184.0,79906
946,11/24/2020,1191.25,116533
947,11/23/2020,1191.5,98621
948,11/20/2020,1181.0,137795
949,11/19/2020,1177.5,125972
950,11/18/2020,1175.75,152028
951,11/17/2020,1169.75,137129
952,11/16/2020,1153.5,86801
953,11/13/2020,1148.0,110428
954,11/12/2020,1145.5,119511
955,11/11/2020,1152.5,160759
956,11/10/2020,1146.0,209412
957,11/09/2020,1110.5,114850
958,11/06/2020,1101.5,108426
959,11/05/2020,1103.75,152464
960,11/04/2020,1086.25,132733
961,11/03/2020,1064.25,106329
962,11/02/2020,1052.25,88900
963,10/30/2020,1056.25,127832
964,10/29/2020,1050.5,148295
965,10/28/2020,1054.75,190179
966,10/27/2020,1076.5,155989
967,10/26/2020,1083.5,130739
968,10/23/2020,1081.0,115955
969,10/22/2020,1072.25,100644
970,10/21/2020,1071.5,87100
971,10/20/2020,1063.75,71003
972,10/19/2020,1054.0,69055
973,10/16/2020,1050.25,79861
974,10/15/2020,1062.0,74985
975,10/14/2020,1056.25,141828
976,10/13/2020,1044.0,145855
977,10/12/2020,1033.75,239724
978,10/09/2020,1065.5,241006
979,10/08/2020,1050.0,221924
980,10/07/2020,1051.0,218055
981,10/06/2020,1044.0,197455
982,10/05/2020,1021.5,100875
983,10/02/2020,1020.75,127394
984,10/01/2020,1024.25,132928
985,09/30/2020,1023.5,205958
986,09/29/2020,993.0,105837
987,09/28/2020,996.25,106847
988,09/25/2020,1002.5,104909
989,09/24/2020,1000.0,165574
990,09/23/2020,1014.5,124907
991,09/22/2020,1019.75,157052
992,09/21/2020,1022.5,180292
993,09/18/2020,1043.5,177098
994,09/17/2020,1028.5,253428
995,09/16/2020,1011.25,165952
996,09/15/2020,991.5,122260
997,09/14/2020,999.5,125766
998,09/11/2020,996.0,191092
999,09/10/2020,977.5,89817
1000,09/09/2020,978.75,119369
1001,09/08/2020,973.0,152817
1002,09/04/2020,968.0,105741
1003,09/03/2020,966.0,131679
1004,09/02/2020,962.0,128667
1005,09/01/2020,954.75,149389
1006,08/31/2020,953.5,136351
1007,08/28/2020,950.5,130464
1008,08/27/2020,942.0,197695
1009,08/26/2020,924.25,101187
1010,08/25/2020,920.25,120168
1011,08/24/2020,905.75,106151
1012,08/21/2020,904.75,85675
1013,08/20/2020,905.25,113356
1014,08/19/2020,914.0,91987
1015,08/18/2020,913.75,138747
1016,08/17/2020,915.25,150496
1017,08/14/2020,898.75,85555
1018,08/13/2020,899.5,167560
1019,08/12/2020,883.0,138538
1020,08/11/2020,873.5,73419
1021,08/10/2020,873.25,94368
1022,08/07/2020,867.5,101488
1023,08/06/2020,878.0,90540
1024,08/05/2020,878.75,97053
1025,08/04/2020,881.75,119530
1026,08/03/2020,896.25,77653
1027,07/31/2020,892.5,75617
1028,07/30/2020,888.25,92057
1029,07/29/2020,885.25,80553
1030,07/28/2020,887.5,122186
1031,07/27/2020,899.75,72231
1032,07/24/2020,899.25,86889
1033,07/23/2020,900.0,81345
1034,07/22/2020,895.5,89694
1035,07/21/2020,893.0,84480
1036,07/20/2020,900.0,80074
1037,07/17/2020,895.0,68483
1038,07/16/2020,891.0,85233
1039,07/15/2020,882.75,78662
1040,07/14/2020,877.5,93877
1041,07/13/2020,875.25,126561
1042,07/10/2020,890.75,120590
1043,07/09/2020,901.5,99333
1044,07/08/2020,897.25,95575
1045,07/07/2020,902.5,92527
1046,07/06/2020,906.25,108397
1047,07/02/2020,896.75,83603
1048,07/01/2020,899.0,153762
1049,06/30/2020,882.25,160226
1050,06/29/2020,861.5,81327
1051,06/26/2020,861.25,78705
1052,06/25/2020,868.25,91322
1053,06/24/2020,870.0,83828
1054,06/23/2020,874.0,105029
1055,06/22/2020,879.25,55929
1056,06/19/2020,880.75,56735
1057,06/18/2020,876.0,53895
1058,06/17/2020,876.5,63795
1059,06/16/2020,873.0,56106
1060,06/15/2020,876.0,57800
1061,06/12/2020,879.75,75956
1062,06/11/2020,876.75,69584
1063,06/10/2020,865.5,100081
1064,06/09/2020,863.25,123510
1065,06/08/2020,864.75,105754
1066,06/05/2020,868.25,119386
1067,06/04/2020,867.75,136427
1068,06/03/2020,857.5,100046
1069,06/02/2020,850.5,111986
1070,06/01/2020,840.5,112786
1071,05/29/2020,840.75,85167
1072,05/28/2020,847.0,74871
1073,05/27/2020,855.5,35193
1074,05/26/2020,847.0,105402
1075,05/22/2020,833.25,86744
1076,05/21/2020,835.0,89375
1077,05/20/2020,846.75,56375
1078,05/19/2020,842.5,62929
1079,05/18/2020,845.0,58868
1080,05/15/2020,838.5,57623
1081,05/14/2020,837.0,61843
1082,05/13/2020,839.5,87005
1083,05/12/2020,852.0,82260
1084,05/11/2020,855.0,86406
1085,05/08/2020,850.5,78176
1086,05/07/2020,844.25,104230
1087,05/06/2020,832.5,69409
1088,05/05/2020,839.5,55721
1089,05/04/2020,836.5,78790
1090,05/01/2020,849.5,69308
1091,04/30/2020,855.25,121942
1092,04/29/2020,837.5,94212
1093,04/28/2020,832.0,115676
1094,04/27/2020,836.5,101444
1095,04/24/2020,839.5,95799
1096,04/23/2020,846.75,114035
1097,04/22/2020,842.5,106153
1098,04/21/2020,848.0,41851
1099,04/20/2020,836.25,58178
1100,04/17/2020,842.25,62586
1101,04/16/2020,845.75,59533
1102,04/15/2020,851.75,109845
1103,04/14/2020,855.5,86456
1104,04/13/2020,862.25,67033
1105,04/09/2020,863.5,95113
1106,04/08/2020,854.5,66939
1107,04/07/2020,854.75,72962
1108,04/06/2020,855.5,59364
1109,04/03/2020,854.25,62075
1110,04/02/2020,858.75,77109
1111,04/01/2020,862.75,84310
1112,03/31/2020,886.0,89669
1113,03/30/2020,882.25,66762
1114,03/27/2020,881.5,74273
1115,03/26/2020,880.25,77125
1116,03/25/2020,881.5,84016
1117,03/24/2020,886.75,86393
1118,03/23/2020,884.0,120602
1119,03/20/2020,862.5,112815
1120,03/19/2020,843.25,131747
1121,03/18/2020,825.5,115856
1122,03/17/2020,824.25,111828
1123,03/16/2020,821.75,140996
1124,03/13/2020,848.75,146873
1125,03/12/2020,859.5,157159
1126,03/11/2020,873.25,88253
1127,03/10/2020,876.25,96436
1128,03/09/2020,870.0,136229
1129,03/06/2020,891.25,94493
1130,03/05/2020,897.0,92142
1131,03/04/2020,907.25,101307
1132,03/03/2020,903.5,129517
1133,03/02/2020,901.0,112706
1134,02/28/2020,892.75,135440
1135,02/27/2020,895.0,158665
1136,02/26/2020,892.0,150602
1137,02/25/2020,888.25,96885
1138,02/24/2020,882.5,130985
1139,02/21/2020,899.0,104620
1140,02/20/2020,901.0,73248
1141,02/19/2020,897.25,131149
1142,02/18/2020,902.25,89758
1143,02/14/2020,903.25,87477
1144,02/13/2020,896.25,177526
1145,02/12/2020,892.5,153438
1146,02/11/2020,884.75,119854
1147,02/10/2020,884.25,131838
1148,02/07/2020,882.0,113780
1149,02/06/2020,881.0,99943
1150,02/05/2020,880.0,69342
1151,02/04/2020,879.5,94611
1152,02/03/2020,877.0,125048
1153,01/31/2020,872.5,76237
1154,01/30/2020,876.25,107289
1155,01/29/2020,893.0,65779
1156,01/28/2020,895.0,75810
1157,01/27/2020,897.25,101878
1158,01/24/2020,902.0,71264
1159,01/23/2020,909.5,90300
1160,01/22/2020,913.75,86198
1161,01/21/2020,916.0,110873
1162,01/17/2020,929.75,81648
1163,01/16/2020,924.0,93126
1164,01/15/2020,928.75,108170
1165,01/14/2020,941.5,76467
1166,01/13/2020,942.25,63111
1167,01/10/2020,946.0,98345
1168,01/09/2020,943.5,90211
1169,01/08/2020,947.25,90708
1170,01/07/2020,944.0,66247
1171,01/06/2020,944.75,81049
1172,01/03/2020,941.5,98174
1173,01/02/2020,956.25,81334
1174,12/31/2019,955.5,65951
1175,12/30/2019,952.5,113654
1176,12/27/2019,941.5,104243
1177,12/26/2019,946.5,53115
1178,12/24/2019,936.5,41999
1179,12/23/2019,942.25,91019
1180,12/20/2019,938.25,69246
1181,12/19/2019,936.25,66847
1182,12/18/2019,940.5,70686
1183,12/17/2019,940.75,96723
1184,12/16/2019,936.0,72748
1185,12/13/2019,921.5,91708
1186,12/12/2019,912.5,72557
1187,12/11/2019,893.5,139714
1188,12/10/2019,901.25,90625
1189,12/09/2019,897.25,164640
1190,12/06/2019,889.5,148050
1191,12/05/2019,884.25,96524
1192,12/04/2019,878.0,91042
1193,12/03/2019,871.0,99030
1194,12/02/2019,870.5,115464
1195,11/29/2019,876.75,59925
1196,11/27/2019,882.0,81381
1197,11/26/2019,884.25,95363
1198,11/25/2019,892.5,72370
1199,11/22/2019,897.0,78021
1200,11/21/2019,901.0,89788
1201,11/20/2019,905.0,106037
1202,11/19/2019,911.5,83806
1203,11/18/2019,910.25,76310
1204,11/15/2019,918.25,73352
1205,11/14/2019,916.75,81277
1206,11/13/2019,915.25,92531
1207,11/12/2019,916.75,72303
1208,11/11/2019,917.0,108326
1209,11/08/2019,931.0,124898
1210,11/07/2019,936.5,108038
1211,11/06/2019,927.5,82385
1212,11/05/2019,934.25,79533
1213,11/04/2019,938.0,85997
1214,11/01/2019,936.75,93909
1215,10/31/2019,932.25,114124
1216,10/30/2019,930.5,159025
1217,10/29/2019,933.5,199123
1218,10/28/2019,935.5,148668
1219,10/25/2019,934.5,146690
1220,10/24/2019,947.0,105546
1221,10/23/2019,949.0,134794
1222,10/22/2019,934.0,152215
1223,10/21/2019,933.25,113636
1224,10/18/2019,934.0,109778
1225,10/17/2019,931.5,109201
1226,10/16/2019,928.0,94674
1227,10/15/2019,934.0,116329
1228,10/14/2019,940.5,124563
1229,10/11/2019,936.0,166277
1230,10/10/2019,923.5,157164
1231,10/09/2019,923.75,150175
1232,10/08/2019,920.5,132790
1233,10/07/2019,915.25,118091
1234,10/04/2019,916.25,79552
1235,10/03/2019,911.75,102527
1236,10/02/2019,913.75,100690
1237,10/01/2019,919.5,166414
1238,09/30/2019,906.0,148516
1239,09/27/2019,883.0,60038
1240,09/26/2019,888.5,76227
1241,09/25/2019,889.25,87659
1242,09/24/2019,894.25,77328
1243,09/23/2019,892.5,107364
1244,09/20/2019,882.75,88446
1245,09/19/2019,893.0,82328
1246,09/18/2019,888.75,57167
1247,09/17/2019,893.75,84435
1248,09/16/2019,900.0,79015
1249,09/13/2019,898.75,95202
1250,09/12/2019,895.5,204409
1251,09/11/2019,866.5,68462
1252,09/10/2019,872.0,111626
1253,09/09/2019,857.75,77532
1254,09/06/2019,857.75,79205
1255,09/05/2019,861.5,108785
1256,09/04/2019,875.5,93836
1257,09/03/2019,868.5,107144
